<?xml version="1.0" encoding="utf-8"?>
<!DOCTYPE tiles-definitions 
	PUBLIC "-//Apache Software Foundation//DTD Tiles Configuration 3.0//EN" 
	"http://tiles.apache.org/dtds/tiles-config_3_0.dtd">
	
<tiles-definitions>
	<definition name="tiles-layout" template="/WEB-INF/views/tiles/index.jsp">
		<put-attribute name="header" value="/WEB-INF/views/tiles/header.jsp" />
		<put-attribute name="aside" value="/WEB-INF/views/tiles/aside.jsp" />
		
		<put-attribute name="body" value="" />
		
		<put-attribute name="footer" value="/WEB-INF/views/tiles/footer.jsp" />
	</definition>
	
	<definition name="*/*" extends="tiles-layout">
		<put-attribute name="body" value="/WEB-INF/views/{1}/{2}.jsp"/>
		<put-attribute name="title" value="tiles" />
	</definition>
	
	<definition name="*.tiles" extends="tiles-layout">
		<put-attribute name="body" value="/WEB-INF/views/{1}.jsp" />
		<put-attribute name="title" value="tiles" />
	</definition>
	
</tiles-definitions>