<?xml version="1.0" encoding="UTF-8"?>
<beans:beans xmlns="http://www.springframework.org/schema/mvc"
   xmlns:xsi="http://www.w3.org/2001/XMLSchema-instance"
   xmlns:beans="http://www.springframework.org/schema/beans"
   xmlns:context="http://www.springframework.org/schema/context"
   xsi:schemaLocation="http://www.springframework.org/schema/mvc https://www.springframework.org/schema/mvc/spring-mvc.xsd
      http://www.springframework.org/schema/beans https://www.springframework.org/schema/beans/spring-beans.xsd
      http://www.springframework.org/schema/context https://www.springframework.org/schema/context/spring-context.xsd">
   <!-- servlet-context.xml : 스프링 웹(view) 설정 파일 -->
   <!-- DispatcherServlet Context: defines this servlet's request-processing infrastructure -->
   
   <!-- Enables the Spring MVC @Controller programming model -->
   <annotation-driven />

   <!-- Handles HTTP GET requests for /resources/** by efficiently serving up static resources in the ${webappRoot}/resources directory -->
   <resources mapping="/resources/**" location="/resources/" />
   <resources mapping="/resources/css/**" location="/css/" />

   <!-- Resolves views selected for rendering by @Controllers to .jsp resources in the /WEB-INF/views directory -->
   <beans:bean class="org.springframework.web.servlet.view.InternalResourceViewResolver">
      <beans:property name="prefix" value="/WEB-INF/views/" />
      <beans:property name="suffix" value=".jsp" /><!-- return 뒤에 붙은 이름의 jsp 파일을 연다 -->
      <beans:property name="order" value="2"/><!-- 순서를 2번으로 준다. -->
   </beans:bean>
   
   <!-- Tiles설정 시작 -->
   <beans:bean id="tilesConfigurer" class="org.springframework.web.servlet.view.tiles3.TilesConfigurer">
      <beans:property name="definitions">
         <beans:list>
            <beans:value>/WEB-INF/spring/tiles-config/tiles-config.xml</beans:value>
         </beans:list>
      </beans:property>
   </beans:bean>
   
   <beans:bean id="tilesViewResolver" class="org.springframework.web.servlet.view.UrlBasedViewResolver">
      <beans:property name="viewClass" value="org.springframework.web.servlet.view.tiles3.TilesView"/>
      <beans:property name="order" value="1"/><!-- 순서를 1번으로 준다. -->
   </beans:bean>
   
   <!-- Tiles설정 끝 -->
   
   <context:component-scan base-package="kr.or.ddit" />
   
   <beans:bean id="multipartResolver" 
   class="org.springframework.web.multipart.support.StandardServletMultipartResolver">
   </beans:bean>
   
   
</beans:beans>